,penalty,C-USS,C-UPP,C-ZS,C-ZP,C-BETAS,C-BETAP,C-ALP,C-GSS,C-GPP,C-GSP,C-GP2,C-HSP,C-EHEAT,H-USS,H-ZS,H-BETAS,H-ALP,H-GSS,H-EHEAT,N-USS,N-UPP,N-ZS,N-ZP,N-BETAS,N-BETAP,N-ALP,N-GSS,N-GPP,N-GSP,N-GP2,N-HSP,N-EHEAT,O-USS,O-UPP,O-ZS,O-ZP,O-BETAS,O-BETAP,O-ALP,O-GSS,O-GPP,O-GSP,O-GP2,O-HSP,O-EHEAT
8,57.5352288745929,0.768470440432635,0.8587516346820216,-0.5003094068769343,0.5561155920709353,-0.31814214870496993,0.48118870416964565,0.8115433622085195,-0.4421741928263374,-0.6620889280316626,-0.7459695622301319,0.5912572672995515,-0.8702450010050949,-0.104933847889227,0.15831314327513168,0.8176447397214353,-0.315948191034767,-0.6716929937377316,-0.08440909117338014,-0.39393618219438564,-0.6349647593901301,0.9857774367211105,0.969719353409294,-0.36637274762905747,-0.2505120673231267,0.7889994913418035,0.27340847978613936,0.61628100164114,-0.8658379392752571,-0.9618192377728983,-0.3289303903283496,0.7340615954918461,-0.8173630978359203,-0.3491997275481229,0.56950108724959,-0.7127164933610668,0.8574975309242974,0.597046886595215,-0.6039830557813302,-0.8936272365245369,0.5721148579505482,-0.8324683195580787,0.3227916812824514,-0.10410855585648993,0.9426996186250451,-0.18614798754735107
48,69.81105038708336,-0.7655639562487401,-0.8122856162030905,0.057505913383486984,0.10270519430443614,-0.06779786050714576,-0.14179044512577132,-0.6073321127471738,-0.7901510285180446,-0.5557394215617534,-0.4582800761238047,0.6241831019049942,-0.407793460839489,-0.8289312967890623,-0.06339812395254685,0.5911150312454547,-0.22245305748968547,0.02757855823671229,0.03193413933196476,-0.07177469721383611,-0.6271968660467361,-0.17057539358023543,-0.7166917110018511,-0.3197494720873896,0.42901190865540806,-0.3384060669294493,-0.07154070214625718,-0.6448502161669173,-0.3664522939086674,-0.7472971185253335,-0.48955932039432426,-0.6389301273887642,0.6669763516994527,0.8896362027966336,-0.555798575275821,0.4657192899388498,0.041726973234763154,0.9714607984003543,0.3600955374014254,-0.009304487333928968,0.19663572343031155,0.13815987316393952,0.7256782829202204,0.016358490270208526,0.2500761365026838,-0.9608116576164416
17,90.24972974419147,-0.7655639562487401,-0.5895019147493799,0.057505913383486984,-0.44806185288300016,-0.06779786050714576,0.6997963509063159,-0.6567310921242585,-0.3636908283856214,-0.29581242365190275,-0.4582800761238047,0.6241831019049942,-0.407793460839489,-0.8902011289508607,0.49306361398341814,0.1372154426305623,-0.22245305748968547,0.7202149867508085,-0.44869198172277913,0.09848793415752288,-0.03192369778921833,-0.3636284093397545,-0.7166917110018511,-0.3197494720873896,0.42901190865540806,-0.3384060669294493,-0.7282233663542568,-0.6448502161669173,-0.3664522939086674,-0.8707057993399936,0.35812339699947193,0.14201218704551422,0.6669763516994527,0.8896362027966336,-0.555798575275821,0.2770914599512122,0.041726973234763154,0.09378249772350689,0.3600955374014254,-0.6298546091480635,0.7320328269814731,-0.026581882495224973,0.8465596220156502,0.016358490270208526,0.5354862632780117,-0.3777559529314892
5,104.04785130733427,0.9842961447730576,0.5668086124388609,0.17750661770274223,0.8909944026254615,-0.9498976764642533,-0.5284985363882937,-0.9480951191057903,-0.7723275748789765,-0.11105819346416634,-0.9936169132516834,0.7314421777495639,0.3053020547247898,-0.34405553305052416,-0.9676881416855501,0.785592464597249,0.32850894448907675,-0.2639345471300305,0.9969445543276554,0.5346233013139559,-0.3551936850374473,-0.5443966343063793,0.19458186731214333,0.031720830784127685,0.517948373933661,-0.3392386006604261,0.19226843747361722,0.4666646558879344,-0.5190078811822982,0.9290964623403206,-0.4102522392819833,-0.7595156952064966,-0.019123636149172007,0.6118317246959666,-0.795199547797844,0.8769673918012737,-0.29484660075637126,-0.7825357350883084,0.3551951121714221,-0.046591272640279735,0.12924804003429613,0.9170217345301697,-0.9361147252856639,0.5429370850232946,-0.5560284381921164,-0.7664214611715953
29,115.9315216190737,-0.9719407123124395,0.15058103015550928,0.057505913383486984,0.13583100120873914,-0.06779786050714576,-0.12245819730337748,-0.6567310921242585,0.5001120200748952,0.19888867753228,-0.4582800761238047,0.0801065844356863,-0.407793460839489,-0.8902011289508607,0.49306361398341814,0.1372154426305623,-0.22245305748968547,0.7202149867508085,0.3804542999084073,0.09848793415752288,-0.03192369778921833,-0.3636284093397545,-0.7166917110018511,-0.3197494720873896,0.42901190865540806,-0.3384060669294493,-0.796486980433506,-0.43309981334750014,0.3783805380201577,-0.942456474520052,-0.05293673115329289,0.14201218704551422,0.9772229853627681,0.7067290682968439,-0.555798575275821,0.2770914599512122,-0.46481299658166275,0.8942194809036115,0.5219849330793109,0.02905794556624408,0.7320328269814731,0.8458436042484896,0.3469537085628909,0.020912278980500965,0.5354862632780117,-0.3777559529314892
47,124.9387789269066,-0.11519419012610088,0.6613494090703105,-0.5003094068769343,-0.21020822593434385,-0.31814214870496993,0.48118870416964565,0.1384571313224563,-0.07486417661401368,-0.3668105117805417,-0.19367887466772848,0.5912572672995515,-0.8702450010050949,0.03462137668666809,0.15831314327513168,0.4041858557722273,-0.8083252623903522,-0.8711777697710644,-0.798427099819547,-0.31365671347306723,-0.7494300271443066,0.9857774367211105,0.969719353409294,-0.36637274762905747,-0.2505120673231267,0.7889994913418035,0.46790930716237167,0.61628100164114,-0.8658379392752571,-0.04621334197543436,-0.3289303903283496,-0.08276855781822845,-0.8173630978359203,-0.2258938966538513,0.56950108724959,-0.42623254841084757,0.9556613750182534,0.597046886595215,-0.6039830557813302,-0.770076963462961,0.5721148579505482,-0.8324683195580787,-0.06583925708746796,-0.10410855585648993,0.9426996186250451,0.286520314944519
6,136.61146817456165,0.18619457311412435,0.15167095940491815,0.27709314342648117,-0.7247661462282944,-0.05316628709111937,0.25190321174405983,0.28687667163092767,0.26576167612803947,0.880833624389477,0.6752816467413043,-0.08164918788102038,0.994797038100858,0.13920201834806156,-0.2192024569615929,0.14373869784870252,0.6374612015075822,-0.8991369534355476,0.1856571052021052,0.1168717246427875,-0.5369259416429828,0.27534220528293885,-0.9054106524140946,0.7094140980996466,0.15269331074208514,-0.769849926801445,-0.8175528561329191,-0.6675111069087556,0.8682297321690813,0.6528805170492771,-0.9505258372833852,0.5575437443392877,-0.33878141320870936,-0.7144076270582556,-0.18229440366992844,0.7025669171471012,-0.6823116568980099,-0.19806504925707047,-0.22830967653529466,0.06992064431172018,-0.972474213553132,-0.7112976640432804,-0.6510557714886724,0.8205959214764407,-0.2533001117549466,0.36339451080621643
43,142.278334494658,0.14811442676966058,0.8587516346820216,-0.6905597744530871,0.5561155920709353,-0.27213972193378855,0.3019958565033183,0.8115433622085195,0.01022671634310579,-0.6620889280316626,-0.699086969690691,0.5912572672995515,-0.048607215607087695,-0.29444796067836987,0.15831314327513168,0.9435288102085835,-0.315948191034767,-0.6716929937377316,0.7514460659442193,-0.39393618219438564,-0.6349647593901301,0.9857774367211105,0.3374041050092802,-0.36637274762905747,0.6035568504180289,0.4519005896475865,-0.08726141513779229,0.61628100164114,-0.2446576640706576,-0.9618192377728983,-0.3289303903283496,0.7340615954918461,-0.8173630978359203,0.503433230647488,0.5311300787885749,-0.7076721329620994,0.6391077808431305,0.597046886595215,-0.6039830557813302,-0.8936272365245369,0.5721148579505482,-0.6571805114277833,0.3227916812824514,-0.6235761363769136,0.9426996186250451,-0.5938959791713107
42,142.79997142451614,0.768470440432635,0.8587516346820216,-0.5003094068769343,-0.1776804246716387,-0.11273278168883305,0.48118870416964565,0.845027469842295,-0.4421741928263374,-0.13852667969664068,-0.7459695622301319,0.707721325224949,-0.9766310784212091,-0.104933847889227,0.15831314327513168,0.8176447397214353,-0.12970833598197928,-0.6716929937377316,-0.09198486772328929,-0.39393618219438564,-0.6349647593901301,0.8439100096615944,0.969719353409294,-0.4483331161306139,-0.2505120673231267,0.7006906536489779,-0.4262672574823012,0.15644700685726942,-0.8658379392752571,-0.36671377128104143,0.3270656086734751,0.607798800846937,-0.004963456613644945,-0.844000916326436,0.56950108724959,-0.7127164933610668,0.8574975309242974,-0.026119978423295942,-0.6039830557813302,-0.8745836254230657,0.9505392387629557,-0.8324683195580787,0.3227916812824514,-0.10410855585648993,0.9608800444895427,0.03156703617319234
45,148.77397436287302,0.27236564537517327,0.8587516346820216,-0.5003094068769343,0.5561155920709353,-0.31814214870496993,0.48118870416964565,0.8115433622085195,-0.4421741928263374,-0.6620889280316626,-0.20887233451806086,0.19952872635743768,-0.8702450010050949,-0.104933847889227,0.15831314327513168,0.13301749848639943,-0.315948191034767,-0.2647803005871454,-0.08440909117338014,-0.39393618219438564,-0.5618809301435572,0.9857774367211105,0.969719353409294,0.47293117687394215,-0.6083927615863829,0.7889994913418035,0.27340847978613936,0.61628100164114,-0.8658379392752571,-0.9618192377728983,-0.8449210207069893,0.7340615954918461,-0.19150715746077196,-0.11246639008329573,0.56950108724959,-0.7127164933610668,0.9002336560594717,0.7515903618117543,-0.5389565050268987,-0.8936272365245369,0.5721148579505482,-0.8458816403124478,0.9012281834319307,-0.2574052597593104,0.4279660919922572,-0.8682608410394892
23,149.2577967007656,-0.7655639562487401,-0.4220338595657148,0.057505913383486984,-0.5422501891575497,-0.13337482699241254,0.05911737191087796,-0.7713238862658442,0.2821460894066319,-0.29581242365190275,-0.4582800761238047,0.7573924523733433,-0.4891312484770005,-0.16176476428068776,0.49306361398341814,0.05631104751939109,-0.22245305748968547,0.7343916218047846,-0.44869198172277913,-0.1644289390664052,-0.03192369778921833,-0.3636284093397545,-0.7166917110018511,-0.3197494720873896,0.42901190865540806,-0.3384060669294493,-0.7282233663542568,-0.6448502161669173,-0.9264496645769944,-0.16577483062471654,0.3135139777287519,0.6946408616669788,0.6669763516994527,0.6326870942192109,-0.555798575275821,0.9202918058660765,0.3992184649928838,0.09378249772350689,0.25360243571471397,-0.49622311925799023,-0.0284210714651969,-0.026581882495224973,0.8465596220156502,0.016358490270208526,0.5354862632780117,-0.3777559529314892
3,153.34313784488282,-0.05181869938966299,-0.3620223956578128,0.7950305301099565,-0.4131484151237975,0.5035294461701689,-0.7140453792388862,-0.4494053073902714,0.5321426683558661,0.4443241278276957,0.9970953744890936,0.9311101375609363,-0.3395298521358825,-0.46466780154263554,0.8748054665542404,-0.4695605421327945,-0.14166500597105747,0.5593784054908117,-0.26641118645050266,0.3681031350861248,-0.8188159437870943,0.1634145509931375,0.762417779194271,-0.7194042754631119,0.759482283888163,0.4429272549745227,0.7563407341802786,-0.4850292251362317,-0.6054511495570076,0.015802476340651683,0.7510381402038075,0.8257745188372845,-0.5195245045579937,0.28789502672996803,-0.5793497123306639,0.23943809575667685,0.4840088575355874,-0.8778064440797302,0.6923623222233668,0.5698524255555466,-0.3343663743028996,0.6568687492290401,0.41567770998046605,0.228533173598779,-0.18713522025909235,0.4660831193799857
22,157.91973069368498,-0.3246590463111635,-0.5895019147493799,-0.18509843736276899,-0.2578423654033134,-0.3941189951700319,0.6997963509063159,-0.6567310921242585,0.4265687820982047,-0.190610173737633,-0.4582800761238047,0.9691934052030877,-0.37852221374292894,-0.7522078569175662,0.49306361398341814,0.1372154426305623,0.3541543051885945,0.7202149867508085,-0.44869198172277913,0.09848793415752288,-0.03192369778921833,-0.5961299658079697,-0.7166917110018511,-0.3197494720873896,0.9338242611811549,-0.3384060669294493,-0.7282233663542568,-0.6448502161669173,-0.3664522939086674,-0.9939490328014025,0.35812339699947193,0.14201218704551422,0.6669763516994527,0.8896362027966336,-0.555798575275821,0.2770914599512122,0.041726973234763154,0.30642496087635185,0.3600955374014254,0.06372780209315954,0.7320328269814731,-0.05058929642597321,-0.06111631230541825,0.016358490270208526,0.4457648695042784,-0.3777559529314892
11,161.6883351296788,-0.23181462450990165,0.7393358336698999,0.8201289427144265,0.3609676905654886,-0.444933873979689,0.05169874717166523,-0.26204983183095865,0.9761693924052497,0.010133277546401143,0.007755678407243005,-0.017931257453447813,0.23815835445439393,0.8887249938827293,0.19244044842720065,0.2738270990388587,-0.7500983761439198,0.461650851295047,0.15778230412844363,-0.129613272780414,-0.9160692731464203,0.7485095542465794,-0.4751374153739665,-0.1668968761996643,0.8576875470648981,-0.11047246620748541,-0.004422480142724283,0.27157250304302205,0.04533903314621712,-0.24712591830979502,-0.8638460893875841,-0.40714633331509487,0.4294941362340259,0.743970998879123,0.6193070517263501,0.12556401505429804,-0.6572425164199982,0.3448683159583785,0.10398215900775987,0.05955404759516192,0.8086652343425835,-0.34770122313901786,0.5515549184111475,-0.6564679133016695,-0.567038258745685,0.06140366419545962
36,164.59121535306312,0.768470440432635,0.8587516346820216,-0.5003094068769343,0.5561155920709353,-0.31814214870496993,0.48118870416964565,-7.163923184871912e-05,-0.9438640480137208,-0.04049839356228191,-0.4642070571981112,0.06901831180736484,-0.8702450010050949,-0.4032063665658463,-0.1584104884726223,0.8176447397214353,-0.315948191034767,-0.6716929937377316,0.6124214356143671,-0.35859755283059447,-0.6349647593901301,0.9857774367211105,0.8626513456151186,-0.36637274762905747,0.05536542451193127,0.7889994913418035,-0.012826401156528222,0.7331355769043013,-0.8658379392752571,-0.8196972933589739,-0.5222345053517707,-0.03828651250205284,-0.1846014947801924,-0.3491997275481229,0.56950108724959,-0.7127164933610668,0.8574975309242974,0.597046886595215,-0.3754873862638909,-0.8936272365245369,0.5721148579505482,-0.41010864307736405,0.3227916812824514,0.35118224106718876,0.853122846758146,-0.18614798754735107
25,168.1769096834342,-0.7655639562487401,-0.5895019147493799,-0.6977825063523577,-0.44806185288300016,-0.10835675665466704,0.6997963509063159,-0.8253913872832472,-0.5524609044936435,-0.13139380304491388,0.21384232483942922,0.6241831019049942,-0.5723812679333221,-0.41533671959482155,0.49306361398341814,-0.11691013314028287,-0.22245305748968547,0.7661702806838828,-0.44869198172277913,0.09848793415752288,-0.03192369778921833,-0.014114818295687837,-0.9608377071886437,-0.3171974044695165,0.42901190865540806,-0.3583756206646074,0.0966873378382993,-0.6448502161669173,-0.3664522939086674,-0.8707057993399936,0.4475134944522092,0.4712279044143002,0.0813807799906654,0.5781018248805867,-0.555798575275821,0.2770914599512122,0.6963256786774801,0.9028336790360079,0.31330981918429335,-0.6298546091480635,0.7320328269814731,0.694871407328634,0.7730962556946417,0.31137631346556116,0.5354862632780117,-0.8292193762620894
49,176.50208463650853,-0.7655639562487401,-0.5895019147493799,0.057505913383486984,-0.2969886485301534,-0.06779786050714576,0.8461574423911602,-0.7693703450432776,-0.24278536300088338,0.27709617574382595,-0.4582800761238047,0.6241831019049942,-0.407793460839489,-0.8875836308266188,0.49306361398341814,0.1372154426305623,-0.22245305748968547,0.7202149867508085,-0.44869198172277913,-0.7486459486295043,-0.03192369778921833,-0.3636284093397545,-0.4441827840122733,-0.3197494720873896,0.42901190865540806,-0.3384060669294493,-0.7282233663542568,-0.6448502161669173,0.43073944841835865,-0.8707057993399936,0.35812339699947193,0.3441015223199262,0.6669763516994527,0.8896362027966336,-0.555798575275821,-0.03356912847487825,-0.13264810952001016,0.09378249772350689,0.3600955374014254,-0.6298546091480635,0.2838184917913764,-0.026581882495224973,0.8465596220156502,0.8764417449792214,0.5354862632780117,-0.3777559529314892
20,206.2240820488633,-0.7655639562487401,-0.5895019147493799,0.057505913383486984,-0.44806185288300016,0.5254345044185393,-0.01131621537188765,-0.1751575774997074,-0.5065531751186283,-0.36918779303787386,-0.4582800761238047,0.9190244125981955,-0.407793460839489,-0.8902011289508607,0.5207173988521965,0.30737472171453395,-0.22245305748968547,0.10668184114516333,-0.44869198172277913,0.09848793415752288,0.5637040842977459,-0.8293780424484231,0.06262200238920168,-0.3197494720873896,0.42901190865540806,-0.3223984741479373,-0.7282233663542568,0.18043690114054067,-0.9962760808590639,-0.7861056180747941,0.5543285923103114,0.14201218704551422,0.6669763516994527,0.8896362027966336,-0.555798575275821,0.14827363233198687,-0.6961455277915409,0.09378249772350689,0.5188158324283538,-0.1476414434253316,0.7320328269814731,-0.3730914807027771,0.8697329411319161,0.6032753976453042,0.3306315878595367,-0.32647037594412043
46,214.24240873251773,0.768470440432635,0.7528888663065019,0.1450140733440688,-0.1745092682894197,-0.03215150105387632,0.48118870416964565,0.8115433622085195,0.018633089823297366,-0.7602041550324441,-0.7459695622301319,-0.26022409319636675,-0.32647792310485246,-0.18169917959481086,0.15831314327513168,0.8256670252500491,-0.315948191034767,-0.6716929937377316,-0.08440909117338014,-0.39393618219438564,-0.7016850069778631,0.9857774367211105,0.7970687146938547,-0.36637274762905747,-0.2505120673231267,0.7889994913418035,-0.324130948706979,0.859720486626866,-0.6978254181946326,-0.8728909833827059,-0.3289303903283496,0.7340615954918461,-0.8173630978359203,-0.3491997275481229,0.8175637160898863,-0.7127164933610668,0.8574975309242974,0.10806117168572626,-0.6039830557813302,-0.5326413556587495,0.4166833423624787,-0.8324683195580787,0.3256709311464858,-0.3486533313551201,0.5767132034263294,-0.18614798754735107
37,220.67357038869153,-0.7655639562487401,0.11747397978637308,0.17381653926970309,-0.27715691965973843,-0.06779786050714576,0.6997963509063159,-0.6567310921242585,0.21245957835326879,-0.29581242365190275,-0.4582800761238047,0.6241831019049942,-0.2188989271968963,-0.8902011289508607,0.49306361398341814,0.7328517086191293,-0.22245305748968547,0.7202149867508085,-0.31170192552090115,-0.7048433477107604,0.5694529965737174,0.4283164627061409,-0.7166917110018511,-0.3197494720873896,-0.03720226330614684,-0.40112728364128336,-0.1944042202675884,-0.6448502161669173,-0.3664522939086674,-0.5554328091800823,-0.4735309723394794,0.14201218704551422,0.6669763516994527,0.8896362027966336,-0.555798575275821,0.2770914599512122,-0.361200237152818,0.09378249772350689,0.3600955374014254,-0.6298546091480635,0.9285817778783756,-0.24262821200591878,0.32123645141397694,-0.2689948020525279,0.5354862632780117,-0.3777559529314892
38,229.9756232529267,-0.7655639562487401,-0.5895019147493799,-0.7459861659239986,-0.44806185288300016,-0.06779786050714576,0.45622541720849785,-0.9322499017938456,-0.8027393192453642,0.5485768851370674,-0.4582800761238047,0.6241831019049942,-0.407793460839489,-0.8902011289508607,0.49306361398341814,0.6544985491197517,-0.22245305748968547,0.6488925709093247,-0.44869198172277913,0.09848793415752288,-0.03192369778921833,-0.3636284093397545,-0.7166917110018511,-0.3197494720873896,0.42901190865540806,-0.2771871433812043,0.03521118017979585,0.22095314379030873,-0.3664522939086674,-0.6103319970318497,0.6334817402132775,-0.30207152935011816,0.4897170576189942,0.4859223129791683,-0.6753639336541836,-0.28641124639048976,-0.3536798259836802,0.09378249772350689,0.3600955374014254,-0.6298546091480635,0.7320328269814731,0.09877007804721827,0.8465596220156502,0.016358490270208526,0.5354862632780117,-0.4137714027147734
10,233.83693302157127,-0.09077409250362267,-0.9283967903096019,-0.08441220612851652,0.7670145984303567,-0.8944736955314996,0.8079111536681192,-0.5384903221551294,0.6464549046071573,0.3846147111133422,0.8509303931032655,0.4114896718487504,-0.6269438703535892,0.2050069722502572,-0.028071601927699086,-0.9410513498872443,0.9678668551629819,-0.5218238215815614,-0.023547437762038714,-0.2766942228582313,0.4627544753463093,-0.7034624452643319,0.8024984319233397,0.34713229092658127,-0.828978380033317,0.3516056408687749,0.12391859265276528,0.9373098441028476,0.9953426003806076,-0.6561818788082332,-0.35708613005407364,0.49097414976522047,-0.8209057181581729,-0.8610898206130063,0.5292350599285438,0.7568760322954409,0.9052179479064655,-0.08968196977977083,0.5505142162066157,-0.4963791049136035,-0.7610394035199259,-0.5939818665650975,0.7504096641985916,0.6931719912178465,0.3195528732383286,-0.5452841374338481
32,262.16049349653423,-0.10307096236911473,-0.5895019147493799,0.057505913383486984,-0.44806185288300016,-0.06779786050714576,0.4557018722187094,-0.35980835420934265,-0.3636908283856214,-0.15434791567908102,0.019018421894690496,0.6241831019049942,-0.53144020269945,-0.8902011289508607,0.009291971645480457,-0.18809403208844166,-0.22245305748968547,0.7202149867508085,-0.08370279102882527,-0.06494691049326562,-0.03192369778921833,-0.0028379888025091837,-0.7166917110018511,-0.3197494720873896,0.42901190865540806,-0.3384060669294493,-0.6039632703829747,-0.6448502161669173,0.3256295935559963,-0.8707057993399936,0.35812339699947193,0.14201218704551422,0.6669763516994527,0.5619934506127644,-0.555798575275821,0.2803942356081679,0.041726973234763154,0.1420276636792508,0.32734281697034606,-0.6298546091480635,0.9530289282868891,0.420235767545843,0.8465596220156502,0.5075157122188183,0.5354862632780117,-0.2664300763430998
39,272.5039297788756,-0.7655639562487401,-0.5895019147493799,0.7109601490728079,-0.2076604366542063,-0.06779786050714576,0.446553993570185,0.22494788631655216,0.0005567242188275756,0.27977920905948483,-0.9524409066972646,-0.2794016736544609,-0.5453826039522036,-0.8902011289508607,0.49306361398341814,0.1372154426305623,-0.015389316369518569,0.7202149867508085,-0.5923596546362653,0.09848793415752288,-0.03192369778921833,0.24777742776653744,-0.7166917110018511,-0.3197494720873896,0.42901190865540806,-0.2574261284193132,-0.6127542425050698,0.2292719686102127,0.33720689716605357,-0.8707057993399936,0.35812339699947193,0.14201218704551422,0.6669763516994527,0.28895486635349243,-0.555798575275821,-0.2336985661387756,-0.053777601223084615,-0.7374400430274379,0.3600955374014254,-0.6298546091480635,0.5158821422020734,-0.026581882495224973,0.8465596220156502,0.5175965079015543,0.48349322957335406,-0.4335669185934198
18,273.5448096304681,0.6978327427435693,-0.19402480950131218,0.5561080206966107,-0.10909149346763647,0.4616953771395993,0.22402100940131575,0.5403348641857422,-0.1789423024816561,0.8885406912553693,-0.8521962871329299,-0.7726701391638174,-0.21498695615764407,-0.3421500663631172,-0.24959534398232042,-0.06397438138674716,0.0415591400383295,0.8268658988370032,-0.844114616336975,0.7671192088769294,-0.44635491389786586,0.8255691745905962,0.7907267966550982,-0.6944872902862173,-0.05147937593459995,0.19320729201057385,0.4662359512467473,0.6377700781488715,-0.16038807684950906,0.6197102778886217,-0.10333873077695233,-0.39602254419225724,-0.09650448088144625,0.20677519965632518,0.2260775189848936,0.8918370892619085,-0.5109047251728187,-0.7701925986022803,0.7135278154856453,-0.8713893557797772,-0.8700241226291474,0.5972408931789746,-0.6927233248223335,-0.9985339016716535,-0.6523351106186657,-0.03391238512187733
44,273.7832950622211,-0.12916708089003437,0.8587516346820216,-0.5003094068769343,0.5561155920709353,0.04178134532161737,-0.2300731464210357,0.8115433622085195,-0.4421741928263374,-0.6620889280316626,0.011757430036035244,0.5912572672995515,-0.8702450010050949,0.5592196830885792,0.08623572815071201,0.8176447397214353,0.3756774036946182,-0.6716929937377316,-0.46809705622129305,-0.33307251667790605,-0.6349647593901301,0.1746547647822827,0.969719353409294,-0.36637274762905747,-0.45584590144577064,0.7889994913418035,0.27340847978613936,0.61628100164114,-0.40062308942042146,-0.9618192377728983,-0.3289303903283496,0.9099705525275397,-0.3537435088257278,-0.3491997275481229,0.56950108724959,-0.9417586297062912,0.05474912675238519,0.597046886595215,-0.6039830557813302,-0.9702927508524212,0.5721148579505482,0.007990739285584914,-0.24839669206874548,-0.10410855585648993,0.46886856299213076,0.3771104780342305
31,273.8422276911503,-0.6093351015195284,0.3239268245278297,0.7141418791732237,-0.44806185288300016,-0.06779786050714576,-0.19855806906656737,-0.6567310921242585,-0.3636908283856214,0.11102172658588283,-0.4582800761238047,0.6241831019049942,-0.32019260089070467,-0.42116174234175763,0.49306361398341814,0.8547331324210297,-0.22245305748968547,0.7202149867508085,-0.44869198172277913,0.6830851930964212,-0.03192369778921833,-0.3636284093397545,-0.7244693329500997,-0.3197494720873896,0.2673786217939398,-0.30177102304563097,-0.7282233663542568,-0.6448502161669173,-0.3664522939086674,-0.8707057993399936,0.35812339699947193,-0.31490803609007545,-0.004487550166292653,0.4223782501431219,-0.7998696162616905,0.7495355206754972,0.041726973234763154,0.09378249772350689,0.3600955374014254,-0.6006037552524238,0.44314318066162195,0.8541979247801841,0.8465596220156502,-0.134429693000222,0.5354862632780117,-0.3777559529314892
4,275.93464139764836,-0.6705747693925711,0.3102078507681345,-0.34197242386911897,0.30532582179151,0.9636335740667734,-0.9240821536709328,-0.06615809823312435,0.7148679357193777,-0.9406942847496859,0.5397136435356589,-0.7107616207927143,0.7757879445893172,0.5559606396348902,-0.7683457143645669,-0.7735210650986329,0.061586269067017474,0.35630247406856985,-0.7436620938923655,-0.13732795684591548,0.5860306011102012,-0.8631901663502803,-0.486640242596868,-0.9689965689748663,0.8525941477523344,0.20331762156096467,-0.43546947693590066,-0.9196220221953375,-0.39512624258317675,0.5656448092760396,-0.18268694620523696,0.09273666415089599,0.041739859210041086,-0.5988797742994916,0.9444753877020291,0.08455499625868601,0.0695291488256824,0.36060372718916023,-0.1369506998397314,0.2985485728469879,0.2351162817464676,0.00923125801321767,0.9172424088002922,0.18484996982007496,0.10039080094792663,0.9208738510701411
7,306.28414775304776,0.36556845243732905,0.7828558586486136,-0.6315941750780004,0.7650882190661745,0.36808912545457284,-0.3531407331395552,-0.618840789319571,0.1584041347950782,0.12609746509979614,0.04242028933034492,-0.956292707178653,-0.5118629507516974,0.3819127400427764,0.5785899640065393,-0.0177372449209926,-0.7010906361563907,-0.15512390140341037,-0.47620308509907816,0.8886732492628244,0.017623414194277265,-0.0011912222418857255,-0.12656746385843776,0.4817275533421512,-0.8187111662442161,0.06543717916426584,0.8930336867160675,0.12467886741778655,0.5272438859421942,0.29154038017806405,-0.6847032680318648,-0.12271047773285393,0.9481596766391118,0.9238973466609195,0.3276421232807367,0.4649343047445478,0.7082758643400624,-0.3016096406493528,-0.5357973275624408,0.932199977475886,-0.7199696028925908,-0.187266360642117,0.792347925155888,-0.5977492222079932,0.22767840580231802,-0.4086808584171504
26,308.6969920542561,-0.32249342265330705,-0.5895019147493799,0.9142474589458285,-0.44806185288300016,-0.06779786050714576,0.6997963509063159,-0.6567310921242585,-0.7300880889926382,-0.29581242365190275,-0.5026225415306264,0.11001041975968873,-0.3995334211582673,0.002515860280036142,0.27221828612639554,0.1372154426305623,-0.22245305748968547,0.9272420718272292,-0.44869198172277913,0.44218794330373656,-0.03192369778921833,-0.9806310000255708,-0.452319188232453,-0.3197494720873896,0.42901190865540806,-0.3384060669294493,-0.7282233663542568,-0.8529286408244232,-0.08849406514234803,-0.10603454411900459,-0.047950364829427494,0.14201218704551422,0.6669763516994527,0.5049386804165241,-0.6973168713196218,0.2770914599512122,-0.26294848539115834,0.6105106307087071,0.3600955374014254,-0.6298546091480635,0.7320328269814731,0.22092771021880897,0.8465596220156502,-0.797350425820368,0.03421343725212478,-0.7518753988249102
34,316.00781029204916,-0.7655639562487401,-0.5895019147493799,0.2358433295235547,-0.44806185288300016,-0.06779786050714576,0.9470722015137123,-0.6567310921242585,-0.3636908283856214,-0.29581242365190275,-0.4582800761238047,0.814310699766565,-0.407793460839489,-0.8902011289508607,0.9898932975942711,-0.2383258883734518,-0.22245305748968547,0.7202149867508085,-0.44869198172277913,0.09848793415752288,0.7882725251487952,0.5327511259642508,-0.7166917110018511,0.171201744883817,0.42901190865540806,-0.3384060669294493,-0.43352640777353557,-0.11754367693712409,-0.29624442455115596,-0.6606040291758422,-0.43520965244190857,0.14201218704551422,-0.029747244170764242,0.8896362027966336,-0.6648159669772334,-0.2650040556462666,-0.4340463412358132,-0.7152500124340528,0.3600955374014254,-0.058847428572927685,0.7320328269814731,-0.026581882495224973,0.2522974679043175,0.016358490270208526,0.18038246627516674,-0.3777559529314892
35,321.2488552833889,0.69219368120671,0.8587516346820216,-0.5003094068769343,0.5561155920709353,-0.31814214870496993,0.48118870416964565,0.8115433622085195,-0.3552014958806442,-0.6620889280316626,0.10960352835059606,0.5912572672995515,-0.6301601948141642,-0.9500584615852149,0.8964128994078089,0.8176447397214353,-0.315948191034767,-0.48132040415852184,-0.42059985188761817,-0.39393618219438564,-0.19270103693862561,0.44558769364584405,0.189909339118272,-0.3197168949829051,0.03158695919305776,0.7605385202014658,-0.08657811205408372,0.16072454502874312,-0.8658379392752571,-0.9618192377728983,-0.3289303903283496,0.9089659508691623,-0.8173630978359203,-0.3491997275481229,0.56950108724959,-0.7127164933610668,0.8574975309242974,0.597046886595215,-0.6407419269999374,-0.8936272365245369,0.5721148579505482,-0.8324683195580787,-0.4379377935210348,-0.5323381483491582,0.3219951265780523,-0.18614798754735107
2,355.56667565057785,-0.8618947624895033,-0.6069937109522524,0.5208870080974244,-0.01785848562268666,0.6539651723292643,-0.17097800342743663,-0.24584806264728132,-0.9518009041540064,-0.5393598898415152,0.32695639951690736,0.3290471745407355,0.04100694942778982,-0.6652803943589733,-0.5110426187349261,-0.23558795569368618,-0.4833141156775065,-0.43473948139096386,0.5396486890404117,0.7020155018143324,0.8364681764474275,-0.2669878536046868,-0.21861149469615093,0.2704594774761846,-0.6715265098402992,-0.43065555709786374,-0.75987028797512,0.9395087532583433,-0.11867537936974537,-0.2211044477616766,0.13174298048411082,-0.3267870622022233,0.30271861256847754,0.48541803376986903,-0.3807728583035118,-0.5629072214536708,-0.035958809208183506,-0.41946377992565054,0.9462046492282392,-0.5531671000077467,0.9201218269014992,-0.27697236523591273,-0.5080604076599339,-0.246893114583692,-0.8151768849510694,0.7646367951122566
30,388.50098386014446,-0.7655639562487401,-0.932516642735377,-0.6425912922247972,-0.44806185288300016,-0.51073939475765,0.6997963509063159,-0.6567310921242585,-0.4013980702190125,-0.29581242365190275,-0.4582800761238047,0.6241831019049942,-0.5941299625817911,-0.8902011289508607,0.5700095377685344,0.1372154426305623,-0.22245305748968547,0.7202149867508085,0.019858327276274235,0.10482631930324438,-0.03192369778921833,-0.3636284093397545,-0.01773324465230175,-0.3197494720873896,-0.35268082025306224,-0.3384060669294493,-0.7282233663542568,-0.6448502161669173,-0.3664522939086674,-0.9915333290156694,0.35812339699947193,-0.6708571225786071,0.6669763516994527,0.43206153514970014,-0.738739256495685,0.2770914599512122,-0.5692731804434431,0.46812199502537366,0.3364009202127942,-0.7731793942622532,0.767486219009839,-0.026581882495224973,0.9138227243721899,0.016358490270208526,0.5354862632780117,-0.3777559529314892
40,409.5240783845097,0.8094671469089139,0.5088769874500196,-0.3378636770632948,0.5882520042709127,0.24024989140728858,0.48118870416964565,0.8115433622085195,-0.4421741928263374,-0.6620889280316626,0.09413486928730119,0.5912572672995515,-0.8702450010050949,-0.104933847889227,-0.28867190178156465,0.8176447397214353,0.547749183791169,-0.8447429061732612,-0.08440909117338014,-0.46889604590263156,-0.7015584728241696,0.49574357598174723,0.969719353409294,-0.36637274762905747,-0.24008240393356461,0.7889994913418035,0.27340847978613936,0.7637596518843606,-0.8658379392752571,-0.9618192377728983,0.5664366601264665,0.3186133112934102,-0.8173630978359203,-0.3491997275481229,0.56950108724959,-0.7127164933610668,0.8574975309242974,0.597046886595215,-0.016649846868130536,-0.05871101767305509,0.5721148579505482,-0.8324683195580787,0.19223380368170329,-0.10410855585648993,0.06482515403691891,-0.18614798754735107
1,412.2494943759197,-0.4010542093435078,-0.08322431205759795,0.9008596906618811,-0.21119654414879196,-0.737916034277359,0.7431481808322085,0.09886332094665562,-0.35044286317206486,0.7750953220750902,-0.06675635074610609,-0.24149012186331353,-0.7499914609421507,-0.9666536029483148,0.7514179051766834,-0.9945121290047709,0.9445396905670422,0.6318451551859321,0.6591910965217433,-0.4857749193322488,-0.06486392977745759,-0.70691123266861,0.494893848058926,-0.5811987684032323,0.39892726842221093,0.9321976204021154,-0.3155605674162668,-0.02165251315120209,0.2119173219129762,-0.06307541910267533,0.2647125403148971,-0.9612519677051188,0.7616559222641399,0.15031485744477746,0.19884774566590635,-0.13231447334750346,0.2341511644351404,0.04675598517726276,-0.9304411720510002,0.7461866215473996,0.7044400342229682,0.33124383191770645,0.1069239388300296,0.628274472004569,0.6949295300758489,-0.823779600157032
16,419.7596122197745,-0.5294804006236211,-0.6299950906711435,-0.9338205068858048,0.17490305062741807,0.2676048355920533,-0.5270833334252372,-0.02882519264649519,0.10283218534497851,-0.8639619452469831,-0.6603388130530305,-0.8044673334927204,-0.03681797671663023,-0.05107050302610283,-0.9839229866813893,0.5036594750219137,0.4448485822723607,-0.2931229407482474,0.36697207100110263,-0.5637997454538703,0.21070073451599058,-0.43657517013935476,-0.21586819528674506,0.7569408262797808,-0.2574114746861087,-0.6275289211581525,0.609880104064372,-0.8046758439872289,-0.9620006132482076,0.5956079971379331,-0.5622465973348292,-0.744542257631533,0.2531529495024216,0.48743255100129623,-0.832796709780754,-0.23242388565399952,0.76952331829592,-0.29547365134122705,0.9795254394994544,0.7214191759152158,-0.07569816826958897,0.9207530153177435,-0.14668166526894189,0.5655938858546103,-0.2946766348826029,0.2644592086576174
28,444.6109397830118,-0.7655639562487401,-0.5895019147493799,0.34260167954647036,-0.3394710524079878,0.2732306747637181,0.6997963509063159,-0.6567310921242585,-0.43415929704108214,-0.8431193145205782,0.3457231623953618,-0.03708329608780703,-0.44281292354918245,-0.9826939222044052,-0.14718720311456757,0.2709229466920453,-0.22245305748968547,0.7202149867508085,-0.0656076632002579,0.8057900547030252,-0.5773934276191369,-0.3636284093397545,-0.1825805119844075,-0.8013234964267975,0.42901190865540806,-0.3384060669294493,-0.7282233663542568,-0.6448502161669173,-0.09801273578285308,-0.5584337271894952,-0.37922863321798395,0.7368865372173792,0.6669763516994527,0.8896362027966336,-0.555798575275821,0.2770914599512122,-0.194455214454045,0.9944970000271942,0.4544813442622737,-0.6298546091480635,0.49199607795245237,0.5522960254252773,0.8465596220156502,-0.6112004989746007,0.021320329515173153,-0.4766793968223495
14,451.123359854789,0.5530285730103812,0.5538854102945352,0.23548443798257868,-0.24949422211267902,0.11555201643177737,0.5753058007512528,0.22888385368154873,-0.801265921757019,-0.5728212600017994,0.799853429711459,-0.4838457093712948,0.14571187102395622,0.554264619143132,0.7867198188499238,-0.7676848980984379,0.20390514122562253,-0.6397378257585948,0.793446551078794,-0.9320380251806808,0.12240102389317165,-0.12553149850833223,-0.024487667837387095,0.8309440037221167,0.7397610436019453,0.44864677039087253,-0.3559233939375175,-0.4501544720675952,0.788984357340903,0.8651022419907406,-0.6800933514402325,0.21494378369825284,-0.7378296738371382,-0.11706236982755336,-0.7037513745280561,-0.7664824109674272,-0.022336591625193414,-0.982481240737034,-0.3328272021664864,0.8340905165718144,-0.43471989386954346,0.37277619554291297,-0.492713379326967,0.8260467388096555,0.04462905859651389,0.4910989279467093
24,452.31738678566586,-0.02616169645240185,-0.3174511771990375,0.057505913383486984,-0.44806185288300016,-0.06779786050714576,0.6997963509063159,-0.6567310921242585,-0.3636908283856214,-0.17097909586819915,-0.4582800761238047,0.6241831019049942,-0.5329935297339701,-0.8902011289508607,0.49306361398341814,0.1372154426305623,-0.22245305748968547,0.7202149867508085,-0.44869198172277913,-0.6217882530230053,-0.03192369778921833,0.28682767471556625,-0.6440487668162529,-0.5326845549664784,-0.020168926333717252,-0.3384060669294493,-0.7282233663542568,-0.6448502161669173,-0.3664522939086674,-0.031115525394733723,0.35812339699947193,0.14201218704551422,0.5556197374631122,0.8896362027966336,0.3355614638241464,-0.5339456975681669,0.041726973234763154,0.09378249772350689,0.36785729113937826,0.21707099030922938,0.7320328269814731,-0.026581882495224973,-0.004708743857644193,0.005904334133062683,0.3537074765621653,-0.2681835526053109
19,468.807618784273,0.30542713261367727,0.8680877303866787,-0.7777215485748608,0.5759009125729171,-0.3905249418900165,-0.6191035936157636,0.12290803588324795,-0.5355522573265229,-0.162167034560043,-0.25986216661044714,0.11079073279948015,-0.8871389683206667,-0.4695558486077317,0.882570468681992,-0.39039659033183793,-0.8204674386957826,-0.005873718720529553,-0.7425848450881678,0.8279208457524403,0.8568380807013063,0.26824622649698093,0.026006634282332408,0.18442582182623557,0.19666324355459763,0.6318319348219401,0.28693888520399513,0.09661785381537746,0.5005715318509165,-0.4814733406186974,0.6994121934753381,-0.19399257068814113,0.023757219021214526,-0.3447856640107225,0.13998722783864026,-0.45101162853747456,0.3798913156031962,0.7112665107127158,-0.5323638058915618,-0.24414336843083861,0.17932171575081157,0.7368281747737875,-0.8096939535902372,-0.28631699693109314,0.7936259231968195,0.9210136829593547
33,482.41540358526765,-0.9101112683743112,-0.5895019147493799,0.057505913383486984,-0.24084362737905518,-0.06779786050714576,0.37148449323881483,-0.01768876317685497,0.18735954760621043,-0.29581242365190275,-0.4582800761238047,-0.27206276898158543,-0.407793460839489,-0.4034292161787537,0.5836595021824511,0.1372154426305623,-0.12598066332000835,0.6406599942917794,-0.44869198172277913,0.09848793415752288,0.23184124138152584,-0.8079253766303539,-0.7166917110018511,-0.3197494720873896,0.6917672035553211,-0.3384060669294493,-0.5108410873663527,-0.7124262744495315,-0.3664522939086674,-0.8707057993399936,-0.4746420086394717,-0.03871868762490749,0.6669763516994527,0.23687525080817595,-0.555798575275821,-0.5125627376057995,0.041726973234763154,-0.45344726161303317,0.6767160080634111,-0.672305949183274,0.7320328269814731,-0.026581882495224973,0.8465596220156502,0.016358490270208526,0.5354862632780117,-0.3777559529314892
27,517.9644531855239,-0.7655639562487401,-0.5895019147493799,0.057505913383486984,-0.5642459986109423,-0.7705712737618231,0.09896408258551714,-0.6877382152398139,-0.8755125575469929,-0.29581242365190275,-0.4582800761238047,0.8629863087035772,-0.407793460839489,-0.9622618720943223,0.8366551878044344,-0.7453963497061423,-0.22245305748968547,0.7202149867508085,-0.44869198172277913,0.09848793415752288,-0.4805968706574728,-0.35260209375088014,-0.9794287474813013,-0.3197494720873896,0.42901190865540806,-0.3384060669294493,-0.7282233663542568,-0.2625286515481944,-0.3664522939086674,-0.8707057993399936,0.35812339699947193,0.14201218704551422,0.6669763516994527,0.8896362027966336,0.24051033740179117,0.2770914599512122,0.041726973234763154,0.09378249772350689,0.5348987684205071,-0.6298546091480635,-0.1812609225298334,-0.026581882495224973,0.8465596220156502,0.016358490270208526,-0.06423381512080506,-0.3777559529314892
21,582.0388027786835,-0.04029777257478406,-0.0650464006103244,0.057505913383486984,-0.44806185288300016,-0.8327925388304057,0.6997963509063159,-0.6567310921242585,-0.5776636632522029,0.2031858388603096,-0.6263338976290497,0.10471295214490284,-0.28236836264496845,-0.8902011289508607,0.49306361398341814,0.1372154426305623,-0.044799886159604396,0.9569089620548925,0.4095151578738907,-0.3644130184350731,-0.03192369778921833,-0.28253719681307665,-0.3769751589920771,-0.3197494720873896,0.42901190865540806,-0.3384060669294493,-0.7282233663542568,-0.6448502161669173,-0.3664522939086674,-0.8707057993399936,0.35812339699947193,0.8492036774406526,-0.05504727121788311,0.8896362027966336,-0.04662632562277169,0.29571079710994796,0.041726973234763154,0.09378249772350689,0.46442360151367446,-0.38911437429506435,0.7320328269814731,-0.24896007347863391,0.8465596220156502,-0.6944912793273079,0.9655687144110294,-0.3777559529314892
0,635.6648691795677,-0.3083203704962396,-0.8600625756176343,-0.9239097883911255,0.15791660533876284,0.08465168602412931,0.8084766375819481,0.7663192324578154,0.8891534339520089,0.23812059113233564,-0.26660463697651704,0.06306860272432346,-0.07968365698661661,0.80126103481132,0.3453599026573726,0.29288880982638155,-0.8274964041512918,0.15149199172140704,-0.9813870364228018,-0.8062849265940875,0.26277929448784887,0.48442570301402377,0.33380353810109753,0.9442798472760254,-0.5378448950911446,-0.9997674457014563,0.5776547781483687,0.2190813915851415,0.19916513193284757,-0.6284798094371072,0.9461449336482863,-0.42357306264777395,-0.6676858827040577,-0.02082674325074796,-0.9860676494154232,-0.36841378522353696,-0.8812424858455471,0.9516256682134996,0.4840275191176031,-0.6727024071127197,-0.5273178049186615,0.4544882892317317,-0.09553296423025026,-0.784071202159883,-0.7895407820052212,-0.2740810707635878
41,675.8263134874517,0.8156350036715825,0.8587516346820216,-0.5003094068769343,0.015868190973458596,-0.31814214870496993,-0.32794089602036103,0.4511182094603654,-0.4421741928263374,-0.4725198708914805,-0.7459695622301319,0.2887751533224596,-0.5152853760111971,-0.104933847889227,0.3222179914806256,0.8176447397214353,-0.9402592488267437,-0.6716929937377316,-0.08440909117338014,-0.39393618219438564,-0.6349647593901301,0.9857774367211105,0.969719353409294,-0.9351673968872958,-0.7492030752676819,0.7889994913418035,0.9154077605790913,0.44328748006459673,-0.542120858361056,-0.9618192377728983,-0.3289303903283496,0.7340615954918461,-0.8173630978359203,-0.3804437253678553,0.9798340166241943,-0.30148965847536957,0.06742429608900502,0.597046886595215,0.016603161735899263,-0.16396956779171978,0.5721148579505482,-0.8324683195580787,0.3716977430680062,-0.10410855585648993,0.9426996186250451,-0.35605263247790797
12,779.4575161476544,0.850724198232006,0.1103312656955735,-0.31871324312194926,-0.6829313044695238,0.7448429570798698,-0.14197051183721843,0.7235771590402917,0.2887873286395608,0.6545067151577211,0.5649704574930849,0.31928600530604667,0.5767594284222612,-0.6261674262033463,-0.7149534718020851,0.9638778204364147,-0.5487049751079804,0.0059837095511265925,-0.34997740399094346,0.5707743410447073,-0.29760399518868386,-0.8566283817465015,0.5176857949118694,-0.5554017362679656,0.36422363525715307,-0.4576333583780203,-0.8570624641938875,0.5207687202466169,-0.6574568017360481,0.2081028841886754,0.5901924278526849,0.6442856577107867,-0.46826645395662936,0.03962122680097857,-0.25482522690375,0.48279046915121193,-0.22708013395956206,-0.5409930188017126,-0.8216513522646385,-0.19968727331085911,0.2926535992341055,0.05667299754119148,0.38720390287529693,-0.18388973632231886,-0.9047228589208365,-0.7455487545329185
9,1171.066777873678,0.5825343649248225,-0.5957047629069752,-0.05225854069066849,-0.941236234232302,-0.5806809310021326,0.18992455857664847,0.4020772383292044,-0.078027235562663,-0.3801599507214344,-0.40163178715859105,-0.46312485889898036,0.4405878077521257,0.6325128736267962,-0.018261229850017546,0.4665098081164376,0.5579585010876125,0.8596288998646893,0.2658829479115612,-0.793495374646329,0.7328948301254732,0.6724746948704954,-0.6883956155061776,-0.06543640592853639,-0.07816245437399783,-0.18805915998021394,-0.09705838070979578,-0.3743977029178578,0.6702527973768682,-0.5075977856367295,0.5102990317276812,0.31785547949435533,0.4946891586063846,-0.8392839613426435,0.6285375238201125,-0.8111574606691987,-0.4377583796798571,0.7052887207687077,0.15434140907663552,-0.2894600647218222,-0.17530661881627974,-0.5737486242703749,-0.39565854373008835,-0.9102544378882762,0.44586178409602484,0.1696367908100458
13,1249.1677551678079,0.07990523571204955,0.33159866128425053,0.6410680445633374,0.930820016153443,0.8464023627281536,-0.9041350161215957,-0.9657192331005642,-0.6070782125946593,-0.6767161342272608,-0.14133699258706467,0.943320123389938,0.8938681943115447,0.7115033624827094,0.2647923533003693,0.7252316047847227,0.6784118874411931,-0.8028133571864469,0.49376037035930653,0.2929935656485503,0.7628497304674624,0.03392412504258302,-0.956736504547692,-0.8990918918878417,-0.48916737770603014,0.9059561142377939,0.828808106147302,-0.16724452536747236,-0.4447418291015357,-0.04587684524221303,0.007857364076137463,0.939603727931855,0.9778736177683844,-0.7344217177413126,0.9914088291544958,-0.03997110923475378,0.5422665456210989,0.8342902237606256,-0.11306203104115964,0.3573363121166686,-0.20559261126097017,-0.6034584715219472,-0.2510191866294399,0.24707033322720284,-0.14216801556599412,0.6720959329239842
15,1895.1974175044504,-0.8987690414397634,-0.3066168278531053,-0.5046045526273332,-0.9784182445769752,-0.6574178471328358,-0.25076631673553473,0.9883912103607395,0.4343485809456433,0.4565684915485777,0.28154895345783126,-0.24967504665498474,0.6766242292831526,0.14032288646163305,-0.5328190111652462,-0.4885430929881598,-0.1470626089394872,0.25213177217763016,0.9511822063119189,-0.6536952460731718,-0.607296994604674,0.4638027043651347,0.22979350373843266,0.42927806756654197,-0.6828414744606843,-0.9984399379493307,-0.5205863361907688,-0.20728733026312995,0.33236195823720327,0.07597023358734956,0.9087028444517578,-0.9006833639144954,-0.38985070119292575,-0.4245840313717403,-0.1338403964930991,-0.9223157247320511,-0.9297684100071075,0.5706505805640931,-0.7676388097667265,0.4842018085516413,0.4582642532008694,-0.9650675801914967,0.17447146300326866,-0.5335426836360172,0.9797553133625638,-0.9295534171669798
